AGE,GP,W,L,W_PCT,MIN,FGM,FGA,FG_PCT,FG3M,FG3A,FG3_PCT,FTM,FTA,FT_PCT,OREB,DREB,REB,AST,TOV,STL,BLK,BLKA,PF,PFD,PTS,PLUS_MINUS,NBA_FANTASY_PTS
31,12,6,6,0.5,3,0.7,1.3,0.533,0.2,0.8,0.222,0.3,0.5,0.667,0.1,0.3,0.4,0.3,0.3,0.1,0,0,0.6,0.3,1.8,0.2,2.7
20,27,9,18,0.333,2.9,0.2,0.6,0.4,0,0.1,0.333,0.4,0.6,0.667,0.3,1,1.3,0.1,0.1,0.1,0,0.1,0.4,0.4,0.9,-1.2,3.1
25,2,1,1,0.5,0.1,0,0,0,0,0,0,0,0,0,0,0,0,0,0,0,0,0,0,0,0,-1,0
30,40,21,19,0.525,3.9,0.8,1.5,0.541,0.1,0.4,0.294,0.2,0.3,0.7,0.3,0.7,0.9,0.2,0.2,0,0.1,0,0.6,0.2,2,0.3,3.6
31,9,4,5,0.444,3,0.4,1.2,0.364,0,0,0,0,0,0,0.3,0.6,0.9,0.1,0,0,0.2,0.1,0.4,0,0.9,0.7,2.8
25,32,17,15,0.531,3.1,0.3,0.9,0.3,0,0.5,0.063,0.1,0.1,1,0.3,0.7,0.9,0.1,0.1,0.1,0.1,0,0.3,0.1,0.7,-0.1,2.4
33,1,0,1,0,5.2,0,1,0,0,0,0,0,0,0,0,1,1,1,0,0,0,0,1,0,0,2,2.7
24,14,4,10,0.286,3.7,1.1,2.1,0.5,0.3,0.6,0.5,0.1,0.1,1,0,0.4,0.4,0.3,0.2,0.1,0,0.2,0.4,0.1,2.6,-1.5,3.4
23,20,7,13,0.35,2.3,0.3,0.6,0.545,0,0,0,0,0,0,0.2,0.3,0.5,0,0.1,0,0.2,0,0.5,0,0.6,-2.1,1.5
28,1,0,1,0,0.1,0,0,0,0,0,0,0,0,0,0,0,0,0,0,0,0,0,0,0,0,0,0
28,6,2,4,0.333,1.5,0.2,0.5,0.333,0,0.2,0,0,0,0,0,0.3,0.3,0,0.2,0.2,0,0,0.3,0,0.3,-2,1.1
24,37,20,17,0.541,2.4,0.3,0.5,0.556,0.1,0.2,0.333,0,0,1,0.1,0.2,0.3,0.2,0,0.1,0.1,0,0.3,0.1,0.6,0.4,1.7
29,27,15,12,0.556,1.9,0.1,0.1,0.75,0,0,0,0,0.1,0.5,0,0.2,0.2,0.1,0.1,0,0,0,0.2,0,0.3,-1.4,0.6
33,2,2,0,1,0.5,0.5,0.5,1,0,0,0,0,0,0,0,0,0,0,0,0,0,0,0.5,0,1,0,1
29,30,14,16,0.467,2.3,0.2,0.4,0.583,0,0,0,0.2,0.3,0.6,0.2,0.4,0.6,0.1,0.1,0.1,0.1,0,0.4,0.2,0.7,-0.3,2
33,1,1,0,1,3,0,0,0,0,0,0,0,0,0,0,0,0,0,0,0,0,0,0,0,0,2,0
22,36,20,16,0.556,3.5,0.7,1.1,0.625,0,0,0,0.6,1.6,0.375,0.6,0.9,1.5,0,0.1,0.2,0.1,0.1,0.2,0.9,2,0.8,4.8
32,22,20,2,0.909,4,0.5,0.8,0.556,0.2,0.3,0.571,0.3,0.5,0.6,0.1,0.5,0.6,0.5,0.2,0.1,0,0,0.4,0.3,1.4,3,3.1
40,7,2,5,0.286,2,0,0.4,0,0,0,0,0.3,0.3,1,0.1,0.1,0.3,0.4,0.3,0,0,0.1,0.3,0.3,0.3,-2.6,1
24,24,11,13,0.458,2.1,0.2,0.3,0.833,0,0,1,0,0.1,0,0.3,0.3,0.6,0,0,0.1,0.1,0,0.2,0,0.5,-1.7,1.6
30,7,3,4,0.429,1,0.1,0.4,0.333,0,0,0,0.7,0.7,1,0.1,0.1,0.3,0,0,0,0,0,0.1,0.6,1,0.6,1.3
31,16,14,2,0.875,2.5,0.2,0.3,0.6,0,0,0,0.3,0.5,0.625,0.2,0.7,0.9,0.2,0.1,0.1,0.1,0,0.5,0.4,0.7,0.4,2.5
26,7,4,3,0.571,3.7,0.3,1.4,0.2,0.1,0.7,0.2,0.3,0.3,1,0.4,1,1.4,0.1,0.3,0,0,0.3,0.4,0.3,1,1.1,2.6
21,49,20,29,0.408,4.1,0.8,2,0.394,0,0.2,0,1.1,1.5,0.767,0.3,0.4,0.7,0.3,0.4,0.1,0,0.2,0.6,0.9,2.7,-0.9,4
23,4,1,3,0.25,3.6,0,0.3,0,0,0.3,0,0,0,0,0,0.3,0.3,0,0,0,0,0,0.8,0,0,0.5,0.3
23,31,15,16,0.484,3.9,1,1.7,0.596,0.2,0.4,0.417,0.8,1.1,0.788,0.3,1,1.3,0.1,0.1,0.1,0.2,0.1,0.4,0.8,3,-0.1,5.4
30,18,7,11,0.389,1.2,0.1,0.2,0.333,0.1,0.1,1,0.2,0.2,1,0,0.1,0.1,0.1,0,0,0,0,0.1,0.1,0.3,0.3,0.5
31,21,13,8,0.619,2.9,0.1,0.4,0.25,0.1,0.4,0.25,0,0,0,0.1,0.2,0.3,0,0,0.1,0,0,0.1,0,0.3,0.1,1
21,10,3,7,0.3,1.3,0.4,0.9,0.444,0.1,0.4,0.25,0.2,0.2,1,0,0,0,0.2,0.2,0,0.1,0,0.2,0,1.1,-2.6,1.5
29,23,15,8,0.652,1.7,0.1,0.2,0.5,0,0,0,0.3,0.3,1,0.1,0.4,0.5,0,0,0,0,0,0.2,0.3,0.4,1.5,1
30,31,11,20,0.355,4,0.7,1.9,0.362,0.2,0.7,0.273,0.4,0.4,1,0.1,0.4,0.5,0.2,0.2,0.1,0,0.1,0.5,0.3,2,-1,3.2
23,25,17,8,0.68,1.6,0.2,0.4,0.4,0,0.2,0.2,0,0.1,0.5,0,0.2,0.2,0,0,0.1,0,0,0.3,0.1,0.4,-2.3,0.9
25,41,22,19,0.537,3.3,0.6,1.3,0.491,0.2,0.7,0.31,0.1,0.2,0.714,0,0.2,0.2,0.2,0.1,0.1,0.1,0,0.4,0.1,1.6,0.5,2.6
23,17,8,9,0.471,1.5,0.2,0.5,0.375,0.1,0.2,0.333,0.1,0.2,0.5,0,0.1,0.1,0,0.1,0,0,0,0.2,0.2,0.5,-0.6,0.6
33,8,6,2,0.75,2.5,0,0.4,0,0,0.1,0,0,0,0,0,0.3,0.3,0.4,0,0,0,0,0.1,0.3,0,1.5,0.9
23,35,25,10,0.714,1.8,0.1,0.1,0.5,0,0,0,0.1,0.2,0.667,0.2,0.5,0.7,0,0.1,0,0.1,0,0.3,0.1,0.2,-0.3,1.1
27,20,12,8,0.6,3.7,1,1.9,0.526,0,0,0,0.6,0.7,0.923,0.3,0.8,1,0.4,0.2,0.1,0.1,0.1,0.8,0.5,2.6,-0.1,4.4
27,2,2,0,1,5.9,0,0,0,0,0,0,1,1,1,0.5,2,2.5,0,0.5,0,0,0,0.5,0.5,1,1,3.5
21,6,2,4,0.333,2.1,0.2,0.3,0.5,0,0,0,0,0,0,0,0.2,0.2,0,0,0,0,0,0.2,0,0.3,-3.3,0.5
27,27,10,17,0.37,2.6,0.3,0.7,0.444,0.1,0.4,0.182,0.1,0.2,0.667,0,0.4,0.4,0,0.1,0.1,0,0,0.3,0.1,0.8,-0.3,1.4
34,6,6,0,1,2.4,0.2,0.2,1,0,0,0,0.2,0.3,0.5,0.2,0.3,0.5,0.2,0.2,0,0,0,0.2,0.2,0.5,3,1.2
23,25,12,13,0.48,3.5,0.8,1.7,0.476,0.3,0.7,0.412,0.5,0.7,0.667,0,0.3,0.3,0.2,0.2,0.2,0,0,0.6,0.4,2.4,-0.4,3.5
31,20,7,13,0.35,3,0.5,0.8,0.6,0,0,0,0.2,0.3,0.8,0.3,0.1,0.4,0.2,0.1,0.3,0.2,0.1,0.7,0.3,1.1,-0.3,3
26,9,3,6,0.333,2.3,0,0.6,0,0,0.6,0,0.6,0.8,0.714,0,0.2,0.2,0.2,0.1,0,0,0,0.1,0.4,0.6,-0.8,1
24,30,9,21,0.3,3.3,0.5,1.8,0.273,0.1,0.8,0.167,0.6,0.7,0.85,0.1,0.4,0.5,0.3,0.2,0.1,0,0.1,0.5,0.4,1.7,-2.5,2.7
30,6,3,3,0.5,1.9,0.2,0.3,0.5,0.2,0.3,0.5,0,0,0,0,0,0,0,0.2,0,0.2,0,0,0,0.5,0.8,0.8
30,5,5,0,1,1.7,0.4,0.4,1,0,0,0,0,0,0,0,0,0,0,0,0,0,0,0.2,0,0.8,2.8,0.8
23,1,1,0,1,8.6,0,1,0,0,0,0,2,2,1,0,0,0,2,0,1,0,0,0,1,2,17,8
28,39,14,25,0.359,3.1,0.5,1.1,0.476,0,0,0,0.6,0.9,0.706,0.4,0.5,0.8,0.2,0.3,0.1,0.3,0,0.5,0.5,1.6,0.1,3.8
20,1,1,0,1,1.5,0,1,0,0,1,0,0,0,0,0,0,0,0,0,0,0,0,0,0,0,4,0
23,3,1,2,0.333,1.1,0,0,0,0,0,0,0.7,0.7,1,0,0.3,0.3,0.3,0,0.3,0,0,0.3,0.3,0.7,0.3,2.6
32,4,3,1,0.75,2.9,0.5,0.8,0.667,0.3,0.5,0.5,0,0,0,0,0.5,0.5,0,0,0,0,0,0.3,0,1.3,0.5,1.9
24,40,21,19,0.525,3.4,0.8,1.9,0.434,0.2,0.5,0.35,0.7,0.8,0.871,0.1,0.2,0.3,0.3,0,0.2,0.1,0.1,0.2,0.5,2.5,-0.1,3.9
29,25,10,15,0.4,1.8,0.2,0.6,0.267,0.1,0.5,0.167,0.2,0.2,0.833,0.1,0.2,0.2,0.1,0,0,0,0,0.2,0.2,0.6,0.5,1.2
25,2,1,1,0.5,1,0,0.5,0,0,0.5,0,0,0,0,0,0,0,0,0,0.5,0,0,0.5,0,0,2.5,1.5
25,1,0,1,0,1.3,1,1,1,0,0,0,0,0,0,0,0,0,0,0,0,0,0,1,0,2,3,2
21,4,3,1,0.75,2.9,0.3,1.5,0.167,0,0.8,0,0,0,0,0.3,0,0.3,0.3,0.3,0,0,0,0.8,0,0.5,-1.5,0.9
32,4,2,2,0.5,2.5,0.8,1,0.75,0,0,0,0.5,0.5,1,0.3,0.3,0.5,0,0,0,0,0,0.3,0.3,2,0.5,2.6
32,31,13,18,0.419,3.8,0.8,2.2,0.362,0.2,0.7,0.273,1,1.1,0.886,0.1,0.7,0.9,0.4,0.4,0.1,0,0.2,0.4,0.8,2.8,-0.4,4.4
36,2,1,1,0.5,1.2,0,0,0,0,0,0,0,0,0,0,0,0,0,0,0,0,0,0,0,0,-2,0
27,23,11,12,0.478,5,0.7,1.3,0.552,0.3,0.7,0.4,0.1,0.2,0.6,0.2,0.9,1,0.6,0.2,0.1,0.1,0,0.2,0.2,1.8,0.7,4.4
33,7,3,4,0.429,1.8,0.1,0.1,1,0,0,0,0,0,0,0,0,0,0,0,0,0.1,0,0.1,0,0.3,-0.3,0.7
31,15,6,9,0.4,0.9,0.1,0.5,0.143,0,0.3,0,0,0,0,0.1,0.1,0.2,0,0,0,0,0,0.2,0,0.1,-1.1,0.4
28,18,6,12,0.333,0.5,0,0,0,0,0,0,0,0,0,0,0,0,0,0,0,0,0,0.1,0,0,0.3,0
37,6,3,3,0.5,1.4,0.2,0.2,1,0,0,0,0.7,0.8,0.8,0,0.8,0.8,0,0,0,0.2,0,0,0.7,1,0.8,2.5
32,27,18,9,0.667,3.5,0.6,1.7,0.326,0.1,0.6,0.25,0.4,0.6,0.75,0.1,0.5,0.6,0.1,0.1,0.1,0.1,0,0.3,0.4,1.7,1.7,3.3
32,1,0,1,0,0.2,0,0,0,0,0,0,0,0,0,0,0,0,0,0,0,0,0,0,0,0,0,0
26,18,6,12,0.333,1.1,0,0.2,0,0,0.2,0,0,0,0,0.1,0.2,0.3,0,0,0,0.1,0,0.4,0,0,-2.8,0.6
31,35,22,13,0.629,3.9,0.9,1.9,0.462,0.2,0.5,0.444,0.8,1,0.829,0,0.3,0.3,1,0.3,0.2,0,0.1,0.6,0.7,2.8,0.6,4.9
20,1,0,1,0,0.4,0,0,0,0,0,0,0,0,0,0,0,0,0,0,0,0,0,1,0,0,-1,0
25,2,0,2,0,2.6,0,0.5,0,0,0,0,0,0,0,0,0.5,0.5,0,0.5,0,0,0,0.5,0.5,0,-2,0.1
22,21,12,9,0.571,1.5,0.1,0.2,0.75,0,0,0,0.1,0.4,0.375,0,0.2,0.2,0,0,0,0.2,0,0.2,0.2,0.4,-0.2,1.2
23,35,17,18,0.486,2.7,0.3,0.3,0.75,0,0,0,0.3,0.4,0.733,0.3,0.3,0.6,0,0,0,0.1,0,0.4,0.3,0.8,0.8,1.9
27,3,1,2,0.333,5.4,1.7,2,0.833,0,0,0,0,0,0,0.3,2,2.3,0.3,0.7,0.7,1,0,1,0.3,3.3,-1.7,11
30,32,19,13,0.594,2.3,0.3,0.6,0.4,0.1,0.3,0.364,0.2,0.4,0.583,0.1,0.2,0.3,0.1,0,0.1,0,0,0.3,0.3,0.8,0.8,1.5
25,2,1,1,0.5,0,0,0,0,0,0,0,0,0,0,0,0,0,0,0,0,0,0,0,0,0,-1,0
24,44,25,19,0.568,2.8,0.2,0.5,0.455,0.1,0.2,0.5,0.1,0.2,0.571,0,0.1,0.2,0.2,0.1,0.1,0,0,0.3,0.2,0.6,0.5,1.4
30,29,20,9,0.69,2.7,0.2,0.6,0.313,0,0.2,0.143,0.2,0.3,0.7,0.1,0.2,0.3,0.2,0,0.2,0,0,0.2,0.2,0.6,0.4,1.8
23,1,1,0,1,0.9,0,0,0,0,0,0,0,0,0,0,0,0,0,0,0,0,0,1,0,0,-3,0
20,20,5,15,0.25,2.8,0.5,1.1,0.476,0.3,0.4,0.625,0.3,0.4,0.75,0.1,0.4,0.5,0.2,0.2,0,0,0,0.3,0.2,1.6,-0.9,2.2
28,13,6,7,0.462,3.6,0.6,1.1,0.571,0.5,0.8,0.6,0.2,0.2,1,0,0.2,0.2,0.3,0.2,0.2,0,0.1,0.5,0.3,1.9,0.9,2.9
35,1,0,1,0,5,0,1,0,0,0,0,0,0,0,1,0,1,1,0,0,0,1,2,0,0,1,2.7
25,37,18,19,0.486,3.5,0.9,2.5,0.374,0.3,1.1,0.308,1.2,1.3,0.918,0.1,0.4,0.5,0.4,0.2,0.1,0,0.3,0.4,0.9,3.4,-0.4,4.5
21,1,0,1,0,0.4,0,0,0,0,0,0,0,0,0,0,0,0,0,0,0,0,0,0,0,0,-2,0
30,5,1,4,0.2,0.9,0,0,0,0,0,0,0.4,0.4,1,0,0.2,0.2,0,0,0,0,0,0.2,0.2,0.4,-0.4,0.6
27,33,18,15,0.545,3.7,0.5,1.3,0.341,0.1,0.5,0.125,0.6,0.7,0.833,0.1,0.4,0.4,0.1,0.2,0.1,0,0,0.2,0.7,1.6,0.7,2.3
29,25,17,8,0.68,2.8,0.2,0.6,0.375,0.1,0.4,0.182,0.1,0.1,0.667,0,0.3,0.3,0.2,0.2,0.1,0.2,0,0.2,0.1,0.6,0.5,1.9
29,30,13,17,0.433,2.8,0.2,0.7,0.35,0.1,0.4,0.25,0,0,0,0.1,0.2,0.3,0.1,0.1,0,0,0.1,0.6,0,0.6,-1.8,1.2
28,26,12,14,0.462,2.7,0.3,0.8,0.35,0,0.2,0,0,0,1,0.2,0.3,0.5,0.1,0.1,0.1,0.2,0.1,0.4,0,0.6,-1,2
28,33,12,21,0.364,3.5,0.5,1.2,0.421,0.2,0.6,0.4,0.5,0.6,0.842,0.1,0.3,0.4,0.3,0.3,0.2,0,0,0.5,0.4,1.7,-1.4,2.7
23,3,1,2,0.333,0.3,0,0.3,0,0,0,0,0,0,0,0,0,0,0,0,0,0,0,0.3,0,0,-1.7,0
33,5,2,3,0.4,1.9,0,0,0,0,0,0,0,0,0,0,0.4,0.4,0,0,0,0,0,0,0,0,-1,0.5
35,7,4,3,0.571,3.3,0,0.3,0,0,0,0,0,0,0,0,0.1,0.1,0,0,0.3,0.6,0,0.7,0,0,-0.4,2.7
27,37,24,13,0.649,3.7,0.5,0.6,0.708,0,0,0,0.8,1.4,0.538,0.5,0.8,1.4,0,0.1,0.1,0.4,0,0.5,1,1.7,0,4.6
27,1,0,1,0,0.1,0,0,0,0,0,0,0,0,0,0,0,0,0,0,0,0,0,0,0,0,1,0
26,47,30,17,0.638,3.4,0.9,2.2,0.39,0.1,0.1,0.5,1.1,1.3,0.839,0.1,0.3,0.5,0.3,0.2,0.1,0,0.2,0.3,0.9,2.9,1.2,4.1
25,36,15,21,0.417,3.2,0.7,2,0.347,0,0.2,0.125,0.9,1.1,0.78,0.4,0.7,1.1,0.2,0.5,0.1,0.1,0.2,0.5,1.2,2.3,-0.7,4.1
29,15,7,8,0.467,2.9,0.1,0.5,0.25,0.1,0.5,0.286,0.2,0.3,0.75,0.1,0.5,0.5,0,0,0.1,0.1,0,0.5,0.3,0.6,-0.7,1.6
24,2,1,1,0.5,1.4,0.5,0.5,1,0,0,0,1,1,1,0,0,0,0,0,0,0.5,0,0,0.5,2,1,3.5
22,13,4,9,0.308,3.8,0.7,1.8,0.391,0.2,0.8,0.2,0.6,0.8,0.727,0,0.4,0.4,0.9,0.2,0.1,0,0.2,0.3,0.5,2.2,-0.5,4
32,36,18,18,0.5,4.9,1.2,2.4,0.506,0.5,0.9,0.515,0.8,0.9,0.906,0.1,0.4,0.5,0.8,0.2,0.1,0.1,0.2,0.3,0.7,3.7,1.4,5.9
24,30,12,18,0.4,4.2,0.7,1.4,0.524,0,0,0,0.6,0.9,0.692,0.5,0.6,1.2,0.1,0.1,0.1,0.2,0.1,0.3,0.5,2.1,-0.9,4.5
27,33,17,16,0.515,4.5,0.9,2.5,0.369,0.1,0.2,0.25,0.4,0.5,0.933,0.1,0.4,0.5,0.5,0.4,0,0,0.2,0.2,0.3,2.4,-1.3,3.5
25,8,3,5,0.375,4.4,0.8,1.5,0.5,0.1,0.1,1,0.6,0.8,0.833,0.5,0.6,1.1,0.1,0,0,0,0.1,0,0.5,2.3,-1,3.8
19,25,8,17,0.32,2.5,0.3,0.8,0.368,0.1,0.2,0.5,0.3,0.3,0.875,0.1,0.1,0.2,0.3,0.3,0,0,0.1,0.6,0.2,0.9,-1.8,1.3
33,25,16,9,0.64,1.5,0.2,0.3,0.5,0,0.1,0.333,0.1,0.2,0.75,0,0.2,0.2,0.1,0,0,0.1,0,0.2,0.1,0.5,0.2,1.1
23,2,1,1,0.5,0.2,0,0,0,0,0,0,0,0,0,0,0,0,0,0,0.5,0,0,0.5,0,0,-0.5,1.5
26,5,3,2,0.6,3.1,0.2,0.2,1,0,0,0,0,0,0,0.2,0.6,0.8,0.2,0.2,0.2,0,0,1,0,0.4,0.4,2.1
24,38,20,18,0.526,3.4,0.2,0.6,0.304,0,0.3,0.1,0.1,0.1,0.75,0.2,0.2,0.4,0.1,0.1,0.1,0,0,0.3,0.1,0.5,-0.4,1.2
38,44,23,21,0.523,4.4,1,2.2,0.429,0.3,0.9,0.333,0.6,0.6,0.962,0.1,0.8,1,0.4,0.1,0.1,0.1,0,0.5,0.6,2.8,2.3,5.1
28,17,5,12,0.294,2.3,0,0.4,0,0,0.1,0,0.2,0.3,0.8,0,0.4,0.4,0.3,0.2,0,0,0.1,0.4,0.2,0.2,-2.2,0.9
25,5,2,3,0.4,0.9,0,0,0,0,0,0,0,0.4,0,0,0.2,0.2,0,0,0,0,0,0.2,0.2,0,-1.4,0.2
24,26,13,13,0.5,2,0.2,0.4,0.4,0.1,0.2,0.333,0.1,0.1,1,0,0,0,0.1,0,0,0,0,0.1,0.1,0.5,0.8,0.6
26,33,30,3,0.909,4.2,0.6,1.5,0.429,0,0.4,0.077,0.5,0.7,0.682,0.5,1.3,1.8,0.8,0.3,0.1,0.2,0.1,0.6,0.8,1.8,3.5,5.9
30,39,21,18,0.538,3.8,0.3,0.5,0.611,0,0,0,0.6,1.1,0.512,0.4,1.1,1.5,0,0.1,0.1,0.2,0.1,0.3,0.7,1.1,0.6,3.7
24,19,13,6,0.684,0.6,0,0,0,0,0,0,0.2,0.2,1,0,0.1,0.1,0,0.1,0,0,0,0.1,0.1,0.2,-0.3,0.3
34,38,21,17,0.553,3.8,1.2,2.7,0.455,0,0.2,0,1.3,1.8,0.746,0.2,0.5,0.7,0.8,0.2,0.1,0.1,0.2,0.4,1.2,3.7,1.7,6.1
27,22,16,6,0.727,3.7,0.5,0.9,0.526,0.2,0.4,0.625,0,0.1,0,0.1,0.4,0.5,0,0,0.1,0,0.1,0.5,0.1,1.1,0.7,2.1
27,21,12,9,0.571,2.4,0.2,0.3,0.667,0,0,0,0.3,0.5,0.7,0.3,0.5,0.8,0.2,0,0.1,0.3,0,0.3,0.4,0.7,-0.1,3.2
22,31,13,18,0.419,4.3,0.7,2,0.355,0,0.2,0.143,0.5,0.6,0.737,0.3,0.5,0.8,0.7,0.5,0.3,0.1,0.3,0.4,0.5,1.9,-0.8,4.5
28,3,2,1,0.667,1.4,0,0.3,0,0,0.3,0,0,0,0,0.3,0.3,0.7,0,0.3,0,0,0,1,0,0,-1,0.5
27,1,1,0,1,0,0,0,0,0,0,0,0,0,0,0,0,0,0,0,0,0,0,0,0,0,0,0
37,3,0,3,0,1.1,0,0,0,0,0,0,0.3,0.3,1,0,0,0,0,0,0,0,0,0,0,0.3,-3.3,0.3
20,36,20,16,0.556,3.3,0.5,1.5,0.34,0.1,0.3,0.444,0.6,0.8,0.75,0.1,0.4,0.5,0.3,0.3,0.1,0.1,0.3,0.4,0.5,1.7,0.3,3.2
24,20,13,7,0.65,1.8,0.2,0.3,0.667,0,0.1,0,0.3,0.3,0.833,0.2,0.3,0.5,0,0.1,0,0.1,0,0.2,0.2,0.7,-0.4,1.4
26,18,6,12,0.333,3.6,0.7,1.9,0.343,0.1,0.4,0.125,1.2,1.4,0.84,0.2,0.2,0.4,0.4,0.2,0.1,0.1,0.1,0.3,0.7,2.6,-2.2,4
27,27,9,18,0.333,3.5,0.4,0.9,0.44,0.2,0.6,0.313,0.5,0.6,0.875,0,0.2,0.2,0.1,0.1,0.1,0,0.1,0.3,0.4,1.5,-1,2.2
29,17,9,8,0.529,4.3,0.2,1,0.235,0,0.4,0,0.4,0.7,0.583,0.3,0.5,0.8,0.2,0.2,0.1,0.1,0.1,0.8,0.6,0.9,1.4,2.4
23,41,19,22,0.463,4.2,0.7,1.6,0.409,0.3,0.9,0.378,0.2,0.2,0.889,0,0.3,0.3,0.3,0.2,0,0,0.2,0.6,0.2,1.9,-0.2,2.7
27,37,20,17,0.541,2.6,0.4,1,0.444,0,0.1,0,0.2,0.3,0.75,0.1,0.4,0.5,0.2,0.1,0.1,0.1,0.1,0.2,0.3,1.1,1.2,2.4
26,6,6,0,1,3.1,0.3,0.7,0.5,0,0,0,0,0,0,0.7,0.3,1,0,0.2,0,0,0.2,0.5,0,0.7,1.3,1.7
23,12,8,4,0.667,3,0.1,0.8,0.1,0.1,0.4,0.2,0.2,0.3,0.5,0.3,0.4,0.8,0.2,0.1,0.1,0.1,0.2,0.1,0.2,0.4,3.5,2
30,22,11,11,0.5,2.2,0.1,0.5,0.25,0,0.3,0,0.3,0.4,0.875,0,0.3,0.3,0.1,0.1,0.1,0,0,0.4,0.3,0.6,0.4,1.6
21,44,20,24,0.455,3.5,0.2,0.8,0.303,0,0.4,0.056,0.2,0.2,1,0,0.1,0.2,0,0.1,0.1,0,0,0.4,0.1,0.7,-1,1.2
31,11,6,5,0.545,1.9,0.4,1,0.364,0.2,0.5,0.333,0.3,0.3,1,0,0.4,0.4,0,0,0,0,0,0.2,0.1,1.2,-0.6,1.6
30,46,26,20,0.565,3.9,0.2,0.7,0.333,0.1,0.3,0.4,0.1,0.2,0.6,0.1,0.3,0.3,0.1,0.1,0.1,0,0.1,0.3,0.3,0.7,-0.2,1.7
30,21,14,7,0.667,2.6,0.2,0.5,0.364,0.1,0.3,0.333,0.5,0.7,0.786,0,0.2,0.2,0.1,0,0.1,0.1,0,0.1,0.3,1,1.9,2.2
28,11,7,4,0.636,2.6,0.3,0.6,0.429,0,0,0,0.1,0.2,0.5,0.1,0.3,0.4,0,0.1,0.1,0.1,0,0.4,0.1,0.6,1.5,1.5
21,38,19,19,0.5,3.5,0.3,0.8,0.419,0,0.1,0.333,0.7,0.9,0.765,0.1,0.8,0.9,0.3,0.2,0,0.3,0.1,0.5,0.6,1.4,-0.4,3.7
22,6,5,1,0.833,1.1,0.3,0.5,0.667,0.2,0.2,1,0.2,0.3,0.5,0.2,0.2,0.3,0,0,0,0,0.2,0.2,0.2,1,1.8,1.4
30,35,19,16,0.543,3.8,0.3,0.6,0.455,0.1,0.2,0.429,0.4,0.5,0.833,0.1,0.3,0.3,0.5,0.1,0.1,0,0.1,0.2,0.3,1.1,1.2,2.3
26,42,14,28,0.333,4.8,0.8,1.9,0.43,0.1,0.4,0.222,1,1.2,0.8,0.3,0.4,0.7,0.4,0.5,0.1,0,0.1,0.5,0.7,2.7,-2.2,4.1
26,31,11,20,0.355,2.8,0.4,0.7,0.591,0,0.1,0.333,0.6,0.6,0.9,0.3,0.6,0.9,0.2,0.1,0,0.1,0.1,0.4,0.5,1.5,-0.9,3
26,31,15,16,0.484,3.7,0.8,1.2,0.694,0,0,0,0.3,0.5,0.471,0.5,0.6,1.1,0.3,0.3,0,0.1,0.1,0.3,0.4,1.9,-0.4,3.6
29,6,4,2,0.667,2.2,0.2,0.7,0.25,0.2,0.7,0.25,0,0,0,0,0.2,0.2,0.7,0,0,0,0,0.2,0,0.5,2.2,1.7
24,24,20,4,0.833,3.2,0.4,0.7,0.529,0.2,0.5,0.364,0.2,0.2,0.8,0.2,0.3,0.4,0,0.1,0,0,0,0.4,0.1,1.1,3,1.6
27,27,13,14,0.481,3.7,0.7,0.9,0.76,0,0,0,0.5,0.8,0.591,0.4,1.2,1.7,0,0.2,0,0.4,0.1,0.5,0.7,1.9,0.4,5
25,30,3,27,0.1,3,0.4,0.6,0.647,0.3,0.4,0.692,0.1,0.2,0.333,0.1,0.3,0.4,0,0,0,0,0,0.4,0.1,1.1,-1.8,1.6
25,4,4,0,1,2.9,0.3,0.5,0.5,0,0.3,0,0,0,0,0,0,0,0,0.3,0,0,0,0.3,0,0.5,-0.3,0.3
29,39,22,17,0.564,3,0.2,0.4,0.529,0,0,0,0.4,0.9,0.457,0.3,0.5,0.8,0.1,0.1,0.2,0.2,0,0.6,0.5,0.9,-0.3,3
26,14,9,5,0.643,2.6,0.1,0.6,0.25,0,0.2,0,0,0,0,0.1,0.1,0.2,0,0.1,0.2,0.1,0,0.3,0.1,0.3,-1.3,1.3
25,29,4,25,0.138,2.8,0.1,0.8,0.174,0.1,0.6,0.176,0.2,0.2,0.857,0,0.1,0.1,0.2,0.2,0,0.1,0.1,0.3,0.1,0.6,-3.1,1.1
27,46,25,21,0.543,3.3,0.8,1.8,0.452,0.2,0.4,0.35,1.3,1.5,0.884,0,0.3,0.4,0.6,0.2,0.1,0,0.2,0.4,0.9,3.1,0.7,4.4
27,29,7,22,0.241,3.6,0.9,2.3,0.373,0.1,0.6,0.188,0.3,0.5,0.571,0.2,0.6,0.8,0.7,0.3,0,0,0,0.3,0.4,2.1,-1.4,3.9
32,27,13,14,0.481,2.4,0.4,1,0.393,0.1,0.5,0.231,0.2,0.2,1,0.1,0.3,0.4,0.3,0.1,0.1,0,0.1,0.1,0.3,1.1,-0.4,2.1
27,5,3,2,0.6,2.6,0.6,1,0.6,0,0,0,0.8,1,0.8,0,0.6,0.6,0.2,0.2,0,0,0,0.6,0.6,2,-0.2,2.8
32,34,22,12,0.647,3.7,0.4,1.1,0.417,0.4,0.8,0.464,1,1.1,0.946,0,0.3,0.3,0.1,0.1,0,0,0,0.4,0.6,2.3,1.8,2.8
30,24,11,13,0.458,4.4,0.2,0.9,0.238,0.2,0.8,0.278,0.2,0.2,0.8,0.2,0.4,0.5,0,0.1,0.1,0,0.1,0.8,0.2,0.8,-1.3,1.7
23,17,4,13,0.235,1.3,0.1,0.3,0.4,0,0,0,0.2,0.2,0.75,0.2,0.2,0.4,0,0.1,0,0,0,0.3,0.1,0.4,-2,0.8
26,16,8,8,0.5,1.5,0.4,0.5,0.75,0.1,0.1,1,0.1,0.1,1,0.2,0.1,0.3,0,0.1,0.1,0.1,0,0.3,0.1,0.9,0.7,1.6
28,4,2,2,0.5,1.9,0,0,0,0,0,0,0,0,0,0,0.5,0.5,0,0,0,0,0,0.3,0,0,-0.8,0.6
21,30,16,14,0.533,3.4,0.3,0.7,0.476,0,0.1,0.5,0.3,0.4,0.833,0.2,0.4,0.6,0.1,0.1,0.1,0.1,0,0.3,0.3,1,0.2,2.2
25,39,20,19,0.513,3.4,0.5,1,0.513,0.3,0.6,0.435,0.4,0.4,0.875,0.2,0.5,0.7,0.3,0.2,0.2,0.1,0,0.6,0.2,1.6,0.1,3.4
20,16,2,14,0.125,2.5,0.4,0.9,0.4,0,0,0,0.1,0.1,1,0.3,0.2,0.4,0,0.1,0,0,0.1,0.2,0.1,0.9,-3.1,1.3
36,39,23,16,0.59,2.9,0.3,0.9,0.351,0.2,0.4,0.412,0.7,0.8,0.839,0.1,0.1,0.2,0.2,0.1,0,0,0.1,0.2,0.4,1.5,1.9,2
34,19,8,11,0.421,3,0.3,1.1,0.286,0,0.4,0,0.1,0.1,1,0.2,0.3,0.5,0.7,0.2,0,0,0.1,0.4,0.1,0.7,-1.3,2.2
27,10,3,7,0.3,1,0,0,0,0,0,0,0.2,0.2,1,0,0.1,0.1,0,0,0,0,0,0.2,0.1,0.2,-2.4,0.3
25,2,1,1,0.5,3.7,0,0.5,0,0,0,0,0.5,0.5,1,0,0,0,0,0,0,0,0.5,0.5,0.5,0.5,0.5,0.5
26,49,28,21,0.571,3.9,0.9,2.4,0.35,0.3,1,0.26,1.5,1.8,0.862,0.1,0.8,0.9,0.7,0.4,0.1,0.2,0.2,0.4,1.3,3.5,0.8,6
29,6,2,4,0.333,1.2,0.2,0.5,0.333,0,0.2,0,0.3,0.3,1,0,0.2,0.2,0.2,0.2,0.2,0.3,0.2,0.2,0.2,0.7,-1.3,2.5
35,3,1,2,0.333,2.4,0,0.3,0,0,0,0,0,0,0,0,0,0,0,0,0.3,0,0,0.3,0,0,1,1
20,2,0,2,0,1.1,0,0,0,0,0,0,0,0,0,0,0,0,0,0,0,0,0,0,0,0,-1,0
25,1,1,0,1,0.7,0,0,0,0,0,0,0,0,0,0,0,0,0,0,0,0,0,0,0,0,1,0
30,23,10,13,0.435,3.1,0.3,0.9,0.35,0.1,0.6,0.231,0.2,0.3,0.667,0.1,0.5,0.6,0.2,0.1,0.1,0,0,0.7,0.1,0.9,0.4,2.2
24,33,19,14,0.576,2.5,0.4,0.9,0.387,0.1,0.2,0.286,0.2,0.3,0.727,0.2,0.6,0.8,0.3,0,0,0.1,0,0.5,0.2,1,0.6,2.8
22,5,2,3,0.4,0.7,0,0,0,0,0,0,0,0,0,0,0,0,0.2,0,0.2,0,0,0.2,0,0,-1.6,0.9
32,19,8,11,0.421,3.1,0.4,1.5,0.241,0.1,0.4,0.286,0.7,0.7,1,0,0.3,0.3,0.4,0.1,0.1,0,0.2,0.5,0.3,1.5,-0.1,2.6
30,16,7,9,0.438,2.8,0.1,0.5,0.25,0.1,0.1,0.5,0.1,0.1,1,0.3,0.3,0.5,0.1,0.1,0.2,0.2,0,0.6,0.1,0.4,0.8,2.1
38,33,19,14,0.576,1.7,0.3,0.7,0.455,0.2,0.5,0.294,0.2,0.3,0.667,0,0.1,0.2,0,0.1,0.1,0,0,0.2,0.2,0.9,1.1,1.3
29,3,2,1,0.667,1.7,0,0.7,0,0,0,0,0,0.3,0,0.7,0.3,1,0,0,0,0,0,0,0.3,0,0.3,1.2
29,1,1,0,1,0,0,0,0,0,0,0,0,0,0,0,0,0,0,0,0,0,0,0,0,0,0,0
29,32,21,11,0.656,3.3,0.7,1.5,0.468,0.3,0.6,0.474,0.2,0.2,0.833,0.3,0.4,0.7,0.1,0.2,0.1,0.1,0.1,0.2,0.2,1.8,1.3,3.2
28,35,21,14,0.6,3.3,0.7,1.7,0.383,0.1,0.3,0.273,1,1.2,0.857,0.1,0.3,0.4,0.5,0.2,0.1,0,0.3,0.2,0.9,2.4,1.3,3.8
26,3,1,2,0.333,3.5,0.3,1,0.333,0,0,0,0,0,0,0,0.3,0.3,0,0.3,0,0.3,0,0.7,0,0.7,-3.7,1.7
22,29,4,25,0.138,2.3,0.1,0.4,0.167,0,0,1,0.3,0.5,0.533,0,0.3,0.3,0.2,0.1,0,0.2,0.1,0.5,0.3,0.4,-2.4,1.7
28,1,0,1,0,1.3,1,1,1,0,0,0,0,1,0,0,0,0,0,0,0,0,0,1,2,2,-3,2
24,14,6,8,0.429,2.2,0.1,0.9,0.167,0,0.4,0,0,0,0,0.2,0.6,0.8,0.1,0,0.1,0,0.1,0.2,0.1,0.3,-0.1,1.7
27,29,17,12,0.586,3.5,0.5,1,0.536,0.1,0.3,0.4,0.9,1.1,0.844,0.2,0.4,0.6,0.3,0.1,0,0,0.1,0.3,0.8,2.1,1.7,3.2
23,11,3,8,0.273,1.9,0.5,0.7,0.625,0,0.2,0,0.7,1,0.727,0,0.2,0.2,0.5,0.2,0,0,0,0.2,0.5,1.6,-1,2.4
27,20,10,10,0.5,3.4,0.4,1.1,0.381,0.3,0.4,0.625,0.3,0.4,0.625,0.1,0.2,0.3,0.3,0.1,0.1,0,0.2,0.4,0.4,1.3,0.2,2.1
26,38,21,17,0.553,5,1.1,2.3,0.455,0.2,0.6,0.348,1.2,1.4,0.87,0.2,0.5,0.7,0.2,0.3,0.2,0.2,0.1,0.6,0.9,3.6,-0.6,5.7
31,13,8,5,0.615,1.7,0.1,0.1,1,0,0,0,0,0,0,0.1,0.5,0.5,0.2,0.1,0.1,0.1,0,0.5,0,0.2,0.8,1.4
28,1,1,0,1,3.5,1,2,0.5,0,1,0,2,2,1,0,0,0,1,0,0,0,0,0,1,4,5,5.5
28,33,11,22,0.333,1.6,0.2,0.3,0.5,0.1,0.2,0.375,0,0,0,0,0.2,0.2,0.1,0.1,0.1,0,0,0.2,0,0.4,0.7,0.9
35,42,16,26,0.381,3.7,0.6,1.8,0.365,0.2,0.7,0.345,0.4,0.4,0.889,0,0.3,0.3,0.4,0.2,0,0,0,0.3,0.2,1.9,0.2,2.8
24,2,1,1,0.5,0.2,0,0,0,0,0,0,0,0,0,0,0,0,0,0,0,0,0,0,0,0,0.5,0
33,2,2,0,1,4,0.5,0.5,1,0,0,0,0,0,0,0,1,1,0,0,0,1,0,0,0.5,1,0,5.2
24,10,3,7,0.3,2.2,0.1,0.4,0.25,0,0,0,0.1,0.2,0.5,0.3,0.5,0.8,0.1,0.2,0,0,0.1,0.2,0.2,0.3,-1,1.2
25,12,7,5,0.583,1.7,0.1,0.3,0.333,0,0,0,0.4,0.5,0.833,0,0.3,0.3,0.2,0,0.1,0.2,0,0.5,0.3,0.6,-0.6,2
25,2,0,2,0,0.8,0,1,0,0,0.5,0,0,0,0,0.5,0,0.5,0,0,0,0,0,0.5,0,0,-0.5,0.6
25,33,16,17,0.485,3.9,0.8,2.5,0.346,0.2,0.8,0.296,1.5,1.8,0.847,0.1,0.5,0.6,0.9,0.4,0.3,0.1,0.2,0.3,1,3.5,0.1,6.4
23,5,1,4,0.2,1.8,0.2,0.2,1,0,0,0,0.4,0.4,1,0.2,0.4,0.6,0.2,0,0,0,0,0.6,0.2,0.8,-0.4,1.8
27,13,3,10,0.231,3,0.3,1,0.308,0,0.4,0,0.2,0.3,0.5,0.1,0.2,0.3,0.2,0.2,0.1,0.2,0.1,0.2,0.2,0.8,-1.5,1.9
29,20,12,8,0.6,1.1,0.1,0.4,0.143,0,0.2,0,0.1,0.1,1,0.1,0.1,0.2,0.1,0,0,0,0,0.2,0.1,0.2,-0.3,0.5
24,31,19,12,0.613,2.7,0.4,0.5,0.813,0,0,0,0.7,0.9,0.821,0.4,0.8,1.2,0,0,0,0.2,0,0.3,0.5,1.6,1.7,3.5
26,5,4,1,0.8,2.1,0.6,1.2,0.5,0,0,0,0,0.2,0,0.2,0,0.2,0,0,0,0,0.4,0,0.2,1.2,0.2,1.4
24,29,11,18,0.379,2.9,0.5,1,0.467,0,0.1,0.5,0.5,0.6,0.833,0.1,0.2,0.3,0.1,0.2,0.1,0,0,0.3,0.3,1.5,-0.3,2.1
29,4,1,3,0.25,3.4,0.3,1.5,0.167,0.3,1,0.25,1,1,1,0,0.8,0.8,0,0.3,0,0,0.3,0.5,0.5,1.8,-3,2.4
25,3,1,2,0.333,3.4,0.3,1.3,0.25,0.3,1,0.333,0.7,0.7,1,0.3,0.3,0.7,0.3,0,0.3,0,0,1,0.3,1.7,-5.3,4
28,28,12,16,0.429,2.4,0.4,0.9,0.417,0,0,0,0.1,0.1,0.75,0.4,0.4,0.8,0,0.1,0,0.1,0,0.3,0.1,0.8,-0.1,1.8
25,2,0,2,0,4.1,1.5,3,0.5,0.5,0.5,1,0.5,1.5,0.333,0,0,0,0.5,0,0,0,1,0.5,0.5,4,-1,4.8
27,1,0,1,0,0.1,0,0,0,0,0,0,0,0,0,0,0,0,0,0,0,0,0,0,0,0,-1,0
34,27,11,16,0.407,3.6,0.1,0.5,0.308,0.1,0.3,0.222,0,0,0,0,0.5,0.5,0.4,0.1,0.1,0,0,0.2,0.2,0.4,-1.1,1.9
24,1,0,1,0,0,0,0,0,0,0,0,0,0,0,0,0,0,0,0,0,0,0,0,0,0,0,0
29,2,1,1,0.5,1.7,0.5,1.5,0.333,0,0.5,0,0,0,0,0.5,0,0.5,0.5,0,0,0,0,0.5,0,1,2,2.4
22,13,5,8,0.385,1.8,0.1,0.2,0.5,0.1,0.1,1,0,0.1,0,0.2,0.1,0.2,0.2,0.1,0,0.1,0,0.5,0.1,0.2,-0.2,1
30,6,2,4,0.333,1.4,0,0.3,0,0,0,0,0.2,0.3,0.5,0.2,0.2,0.3,0,0.2,0,0,0,0.3,0.2,0.2,-2.2,0.4
26,38,17,21,0.447,3.8,0.8,1.8,0.456,0.2,0.6,0.333,0.8,0.9,0.909,0,0.4,0.4,0.7,0.6,0.2,0,0.1,0.4,0.6,2.6,-0.4,4.1
21,29,11,18,0.379,3.2,0.4,0.8,0.542,0,0.1,0.25,0.3,0.7,0.526,0.4,1,1.3,0.1,0.1,0.1,0,0.1,0.6,0.4,1.3,-0.6,3.2
22,10,4,6,0.4,1.3,0.2,0.2,1,0,0,0,0.1,0.2,0.5,0.1,0.2,0.3,0,0,0.1,0.2,0,0.3,0.1,0.5,-0.9,1.8
27,11,7,4,0.636,2,0.1,0.1,1,0,0,0,0.1,0.2,0.5,0,0.4,0.4,0.1,0.2,0,0.1,0,0,0.1,0.3,-1.4,0.9
20,33,20,13,0.606,3.4,0.3,0.6,0.429,0,0.1,0,0.3,0.4,0.833,0.2,0.6,0.8,0.1,0.1,0.2,0.1,0.1,0.4,0.4,0.8,0.9,2.6
21,5,3,2,0.6,2.5,0.4,1.4,0.286,0,0,0,0,0,0,0.2,0.6,0.8,0,0.2,0,0,0.4,0.4,0,0.8,-0.8,1.6
23,3,1,2,0.333,1.7,0,0,0,0,0,0,0,0,0,0,0.3,0.3,0,0,0,0,0,0.3,0,0,2.3,0.4
20,46,19,27,0.413,4.1,0.8,1.4,0.53,0.1,0.3,0.267,0.5,0.6,0.808,0.5,0.8,1.3,0.2,0.2,0.1,0.3,0.1,0.6,0.4,2.1,-0.3,5.1
25,24,16,8,0.667,3.7,0.8,1.8,0.419,0.1,0.4,0.3,0.7,0.8,0.895,0.3,0.7,1,0.2,0.1,0.1,0.1,0.1,0.3,0.6,2.3,1.5,4.4
25,19,8,11,0.421,1.7,0.3,0.7,0.357,0.1,0.3,0.2,0.2,0.2,1,0,0.4,0.4,0.2,0,0,0,0.1,0.2,0.2,0.8,0.2,1.5
20,3,1,2,0.333,0.2,0,0,0,0,0,0,0,0,0,0,0,0,0,0,0,0,0,0.3,0,0,-2.3,0
26,41,22,19,0.537,3.7,1,2.5,0.392,0.2,0.7,0.267,1.3,1.5,0.885,0.2,0.6,0.8,0.2,0.3,0.1,0.1,0.2,0.5,1,3.5,1.3,5
24,2,0,2,0,1.9,0,0.5,0,0,0.5,0,0,0,0,0,0,0,0.5,0.5,0,0,0,0.5,0,0,1,0.3
31,4,2,2,0.5,2.4,0,0,0,0,0,0,0,0,0,0,0.3,0.3,0,0.3,0,0.3,0,0.3,0,0,-2,0.8
26,30,11,19,0.367,3.9,0.7,1.2,0.571,0,0,0,0.5,1,0.483,0.6,1.2,1.8,0.1,0.2,0.1,0.1,0.3,0.5,0.8,1.8,-0.8,4.4
26,36,19,17,0.528,3.2,0.4,1,0.457,0.1,0.3,0.455,0.6,0.7,0.917,0.2,0.4,0.6,0.2,0.1,0,0.1,0.1,0.4,0.5,1.6,0.7,3
23,36,23,13,0.639,4.1,0.4,1,0.361,0.2,0.6,0.318,0.3,0.4,0.667,0,0.3,0.4,0,0.1,0.1,0.1,0,0.5,0.3,1.2,1.8,2.2
27,37,20,17,0.541,3.9,1.3,3.1,0.412,0.3,1,0.324,1.1,1.3,0.857,0,0.7,0.7,0.3,0.2,0,0.1,0.2,0.3,0.8,4,-0.2,5.5
40,11,5,6,0.455,2.7,0.1,0.4,0.25,0,0,0,0,0.4,0,0.1,0.6,0.7,0.1,0.1,0,0,0,0.2,0.2,0.2,-0.7,1.1
27,29,17,12,0.586,3.8,0.4,1.1,0.375,0.2,0.6,0.412,0.5,0.6,0.875,0.2,0.6,0.8,0.2,0.1,0.1,0.1,0.1,0.3,0.4,1.6,1.7,3.4
33,14,7,7,0.5,3.3,0.4,1.4,0.25,0.1,0.6,0.25,0.5,0.6,0.875,0.1,0.6,0.7,0.1,0.1,0.1,0,0.1,0.4,0.3,1.4,0.1,2.4
26,5,2,3,0.4,3.1,0.4,0.6,0.667,0,0,0,0,0,0,0,0.8,0.8,0.4,0.2,0,0.4,0,0.6,0,0.8,-1.2,3.4
20,1,1,0,1,0,0,0,0,0,0,0,0,0,0,0,0,0,0,0,0,0,0,0,0,0,0,0
24,38,20,18,0.526,4.1,0.7,1.9,0.351,0.2,0.8,0.188,1,1.2,0.826,0,0.3,0.3,0.4,0.4,0.2,0,0.1,0.5,0.8,2.5,0.1,3.8
35,12,8,4,0.667,2.5,0.1,0.2,0.5,0.1,0.1,1,0.2,0.2,1,0,0.2,0.2,0,0.2,0.1,0,0,0.5,0.2,0.4,1.1,0.7
26,32,28,4,0.875,3.8,0.6,1.4,0.435,0.3,0.8,0.407,0.5,0.6,0.895,0,0.4,0.4,0.2,0.1,0.1,0.1,0.1,0.2,0.4,2.1,3.1,3.4
37,24,8,16,0.333,2.4,0.8,2.3,0.352,0.4,1,0.417,0.8,0.9,0.909,0,0.1,0.1,0.2,0,0,0,0,0.3,0.7,2.8,-1.1,3.3
27,17,6,11,0.353,1.5,0.2,0.5,0.444,0,0,0,0.1,0.2,0.667,0.4,0,0.4,0.1,0,0.1,0.1,0,0.5,0.1,0.6,-1.1,1.6
25,1,0,1,0,2.5,0,0,0,0,0,0,0,0,0,0,0,0,0,0,0,0,0,0,0,0,-4,0
31,4,3,1,0.75,2.4,1,1.3,0.8,0.8,1,0.75,0,0,0,0,0,0,0,0,0,0,0,0,0,2.8,1.5,2.8
20,29,10,19,0.345,2.9,0.3,1,0.345,0,0.3,0.125,0.6,0.7,0.947,0.3,0.5,0.8,0.1,0.1,0.1,0.3,0,0.4,0.4,1.3,-1.9,3.6
22,10,8,2,0.8,1.5,0.5,0.6,0.833,0.1,0.1,1,0.2,0.2,1,0,0.2,0.2,0.3,0,0,0,0,0.1,0.1,1.3,1.2,2
35,39,20,19,0.513,3.4,0.2,0.6,0.364,0.2,0.4,0.438,0.1,0.1,1,0.1,0.2,0.3,0.1,0.2,0.1,0.1,0,0.4,0.2,0.7,1.8,1.6
30,47,31,16,0.66,3.5,0.7,1.8,0.376,0.2,0.6,0.3,0.8,1.1,0.731,0.1,0.4,0.5,0.3,0.2,0.2,0,0.2,0.8,0.7,2.4,1.4,3.8
26,6,3,3,0.5,0.9,0.2,0.3,0.5,0,0,0,0.2,0.3,0.5,0.5,0.2,0.7,0,0.2,0,0,0,0.2,0.2,0.5,-0.5,1.1
28,9,5,4,0.556,1.8,0,0.2,0,0,0.2,0,0,0,0,0.1,0.2,0.3,0.1,0,0,0,0,0.1,0.1,0,-2.3,0.6
24,16,9,7,0.563,4.2,0.8,2.3,0.361,0.3,0.9,0.286,1.8,1.9,0.933,0.1,0.3,0.4,0.3,0.3,0.1,0.1,0.3,0.3,1.1,3.6,-0.4,4.7
30,26,19,7,0.731,3.1,0.5,1.3,0.394,0,0,0,0.5,0.5,0.923,0.2,0.7,0.9,0.2,0.1,0.1,0.1,0.1,0.2,0.3,1.5,2.1,3.3
24,2,2,0,1,0.4,0.5,0.5,1,0,0,0,0.5,1,0.5,0,0,0,0,0,0,0,0,0,0.5,1.5,3,1.5
25,20,5,15,0.25,2.2,0.4,0.7,0.5,0.1,0.1,0.5,0.1,0.2,0.25,0.2,0.3,0.5,0.1,0.2,0.1,0.1,0.1,0.1,0.2,0.8,-0.7,1.6
28,25,11,14,0.44,2.9,0.2,0.6,0.375,0,0.1,0,0.4,0.4,1,0,0.2,0.2,0,0.2,0.1,0,0,0.5,0.2,0.8,-1.3,1.3
24,35,13,22,0.371,3.3,0.5,1.1,0.421,0.2,0.5,0.421,0.1,0.2,0.667,0,0.3,0.3,0.2,0.1,0.1,0,0.1,0.7,0.1,1.3,-0.5,2.1
23,12,3,9,0.25,2.8,0.2,0.3,0.5,0,0,0,0,0.1,0,0.1,0.3,0.3,0.1,0,0,0.2,0,0.3,0.1,0.3,0,1.4
27,23,13,10,0.565,2.9,0.1,0.4,0.333,0,0,0,0,0,0,0,0.6,0.6,0.1,0,0.1,0.1,0.1,0.4,0,0.3,0.3,1.8
31,30,18,12,0.6,4.2,1.3,3.1,0.424,0.2,0.9,0.185,1.3,1.9,0.679,0.4,1.2,1.6,0.7,0.4,0.1,0.1,0.3,0.4,1.2,4,0.6,7.1
33,6,5,1,0.833,1.3,0,0.3,0,0,0,0,0,0,0,0,0.2,0.2,0,0,0.2,0,0.2,0,0,0,1.8,0.7
33,3,2,1,0.667,2.7,0,0,0,0,0,0,0.7,0.7,1,0,0.7,0.7,0,0,0,0,0,0.3,0.3,0.7,-1.3,1.5
29,25,8,17,0.32,3.2,0.5,1.4,0.361,0.3,0.8,0.333,0.5,0.6,0.929,0,0.2,0.2,0.2,0.1,0,0.1,0,0.3,0.3,1.8,-0.7,2.8
29,30,20,10,0.667,1.2,0,0,1,0,0,1,0.1,0.2,0.667,0,0.1,0.2,0,0,0,0,0,0.2,0.1,0.2,-2.1,0.6
23,4,2,2,0.5,1.8,0.3,0.3,1,0,0,0,0,0,0,0,0.5,0.5,0,0,0,0,0,0.3,0,0.5,2.5,1.1
23,2,2,0,1,0.3,0,0,0,0,0,0,0,0,0,0,0,0,0,0,0,0,0,0,0,0,1,0
36,18,8,10,0.444,1,0.2,0.5,0.444,0.1,0.2,0.25,0.2,0.2,1,0.2,0.2,0.4,0,0,0,0,0.1,0.3,0.1,0.7,1.6,1.2
27,16,4,12,0.25,0.8,0.1,0.4,0.333,0,0.1,0,0.4,0.4,1,0,0.2,0.2,0,0.1,0,0.1,0.1,0.3,0.3,0.6,-0.4,1
31,37,21,16,0.568,3,0.5,0.8,0.548,0.3,0.5,0.611,0.2,0.2,0.778,0.1,0.5,0.6,0.1,0.1,0.1,0,0,0.3,0.2,1.4,0.8,2.4
38,16,9,7,0.563,2.1,0.5,0.9,0.533,0.1,0.3,0.2,0.3,0.6,0.5,0.1,0.3,0.3,0.3,0.1,0.1,0.1,0,0.2,0.4,1.4,1,2.4
31,27,19,8,0.704,3.9,0.8,1.7,0.478,0,0,0,0.9,1.3,0.657,0.3,0.4,0.7,0.2,0,0,0.1,0.1,0.4,0.8,2.5,2.1,3.9
33,6,2,4,0.333,2.3,0,0.3,0,0,0,0,0,0,0,0.3,0.5,0.8,0.8,0,0,0,0,0,0,0,0.5,2.3
32,28,12,16,0.429,3.3,0.5,0.9,0.583,0,0,0,0.3,0.5,0.615,0.7,0.6,1.3,0.1,0.1,0,0.1,0,0.4,0.4,1.3,0.4,3.4
30,29,12,17,0.414,2.4,0.3,1,0.333,0.1,0.6,0.25,0.1,0.2,0.571,0.1,0.1,0.2,0.2,0.1,0,0,0,0.2,0.1,1,-0.8,1.5
26,38,24,14,0.632,4.1,0.3,0.9,0.333,0.1,0.3,0.25,0.3,0.4,0.588,0.1,0.6,0.6,0.1,0.1,0.1,0,0.1,0.5,0.4,0.9,1.5,2.2
22,32,17,15,0.531,1.7,0.1,0.4,0.25,0,0.2,0.143,0.2,0.4,0.583,0.1,0.2,0.3,0.1,0.1,0.1,0.1,0.1,0.4,0.3,0.4,-0.9,1.3
29,16,8,8,0.5,2.9,0.5,1.3,0.381,0.3,0.9,0.286,0.3,0.3,0.8,0,0.2,0.2,0.2,0,0.1,0,0,0.1,0.2,1.5,-0.7,2.2
30,18,13,5,0.722,2.3,0.3,0.7,0.385,0.1,0.3,0.167,0.8,1,0.833,0.1,0.3,0.4,0.5,0.2,0.1,0.1,0.1,0.3,0.8,1.4,2.5,2.8
21,11,6,5,0.545,2.8,0.7,1.4,0.533,0.5,1,0.545,0.3,0.3,1,0,0.3,0.3,0.1,0.3,0.1,0,0,0.2,0.2,2.3,3.2,2.7
24,14,7,7,0.5,2.3,0.4,0.7,0.6,0.1,0.3,0.5,0.1,0.1,1,0.1,0.5,0.6,0.3,0.1,0,0,0,0.2,0.1,1.1,0.1,2.3
26,21,5,16,0.238,2.8,0.3,1,0.35,0,0.2,0,0.2,0.3,0.571,0,0.5,0.5,0.1,0.1,0,0.1,0,0.5,0.2,0.9,-1.6,2.1
28,3,3,0,1,1.8,0.7,0.7,1,0,0,0,0,0,0,0,0.7,0.7,0,0,0,0,0,0,0.3,1.3,3,2.1
30,38,20,18,0.526,3.2,0.3,0.8,0.433,0.2,0.4,0.5,0.2,0.3,0.667,0.2,0.6,0.8,0.1,0.1,0.1,0.1,0.1,0.3,0.3,1.1,0.4,2.6
26,34,17,17,0.5,2.6,0.1,0.2,0.625,0,0,0,0.4,0.7,0.609,0.1,0.4,0.6,0.2,0.1,0,0.1,0,0.5,0.4,0.7,-0.7,1.9
36,36,20,16,0.556,2.9,0.3,0.7,0.36,0.2,0.5,0.412,0.6,0.6,0.909,0.1,0.6,0.7,0.3,0.2,0.1,0.1,0,0.4,0.4,1.3,0.7,2.8
25,27,18,9,0.667,2.2,0,0.2,0.167,0,0.2,0.167,0,0,1,0,0.2,0.2,0.3,0.1,0.1,0,0,0.4,0,0.1,1.5,0.9
23,13,8,5,0.615,2.1,0.2,0.5,0.286,0,0.2,0,0.2,0.3,0.5,0.2,0.2,0.4,0,0,0,0,0.1,0.2,0.2,0.5,0.5,0.9
36,3,0,3,0,2.7,0.3,1,0.333,0.3,0.7,0.5,0,0,0,0,0,0,0,0,0.3,0,0,0.3,0,1,-2.7,2
24,17,8,9,0.471,1.8,0.2,0.7,0.333,0.1,0.4,0.167,0.4,0.4,0.857,0.1,0.4,0.4,0.1,0.1,0,0,0.1,0.4,0.4,0.9,0.4,1.4
27,9,3,6,0.333,2.5,0.6,1.1,0.5,0,0.1,0,0,0,0,0.4,0.4,0.9,0,0.2,0,0,0,0.3,0.1,1.1,0.1,2
24,21,11,10,0.524,4.2,0.5,1.1,0.435,0,0.1,0.5,0.5,0.8,0.625,0.1,0.7,0.8,0.3,0.3,0.3,0.2,0.1,0.5,0.7,1.5,-0.5,4.1
22,2,1,1,0.5,4.2,0,0.5,0,0,0,0,0.5,1,0.5,0,0.5,0.5,0.5,0.5,0,0,0.5,0.5,1,0.5,-4,1.4
28,30,19,11,0.633,3.8,0.5,1.9,0.268,0.1,0.5,0.286,0.6,0.9,0.667,0.1,0.3,0.4,0.6,0.2,0.1,0.1,0.2,0.5,0.5,1.7,1.6,3.5
35,11,9,2,0.818,1.5,0.2,0.5,0.4,0.2,0.3,0.667,0.2,0.2,1,0,0.2,0.2,0,0,0,0,0,0.2,0.3,0.7,3.6,0.9
36,10,5,5,0.5,0.4,0,0,0,0,0,0,0,0,0,0,0,0,0.1,0,0,0,0,0.3,0,0,0.1,0.2
24,5,4,1,0.8,0.7,0,0,0,0,0,0,0.2,0.4,0.5,0,0,0,0,0,0,0,0,0.2,0.2,0.2,1,0.2
27,12,4,8,0.333,0.8,0.1,0.5,0.167,0.1,0.3,0.25,0,0,0,0,0.1,0.1,0,0,0,0,0.1,0.1,0,0.3,-0.8,0.4
27,10,5,5,0.5,2.3,0.2,0.4,0.5,0,0,0,0.2,0.4,0.5,0.3,0.7,1,0.1,0,0.1,0,0,0.3,0.2,0.6,0.3,2.3
30,28,10,18,0.357,2.1,0.3,0.8,0.348,0.2,0.7,0.3,0.2,0.2,0.833,0.1,0.3,0.4,0,0.2,0,0,0,0.2,0.2,1,-1.7,1.4
33,11,7,4,0.636,3.3,0.3,0.9,0.3,0,0.4,0,1.1,1.3,0.857,0.1,0.1,0.2,0.2,0.1,0,0,0,0.2,0.6,1.6,1.5,2
30,50,28,22,0.56,4.1,0.8,2,0.41,0.1,0.5,0.269,0.7,1,0.755,0,0.5,0.5,0.6,0.4,0.1,0.1,0.1,0.3,0.7,2.5,0.3,4.3
22,2,2,0,1,2.7,0,0,0,0,0,0,0,0,0,0.5,0,0.5,0,0,0,0,0,0,0,0,4,0.6
20,26,15,11,0.577,3.2,0.5,1.1,0.464,0,0.1,0.5,0.2,0.4,0.545,0.2,0.4,0.7,0.2,0,0,0.1,0.2,0.5,0.3,1.3,0.3,2.6
28,16,6,10,0.375,2,0.1,0.3,0.25,0,0.1,0,0.2,0.3,0.75,0,0.3,0.3,0.1,0,0.1,0,0.1,0.3,0.2,0.3,-0.6,0.9
33,10,3,7,0.3,2.8,0.4,0.5,0.8,0,0,0,0.4,0.6,0.667,0.1,0.3,0.4,0.1,0,0.1,0,0,0.6,0.3,1.2,-0.9,2.1
22,24,4,20,0.167,3.6,0.6,0.9,0.682,0,0,0,0.4,0.5,0.75,0.2,0.5,0.8,0.1,0.3,0.2,0.1,0,0.6,0.4,1.6,-2.8,3.1
35,4,2,2,0.5,0.6,0,0.3,0,0,0,0,0,0,0,0.3,0.3,0.5,0.3,0,0,0,0,0.3,0,0,-0.8,1
31,15,4,11,0.267,1.7,0.1,0.5,0.143,0,0.3,0,0,0,0,0.1,0.2,0.3,0,0,0,0,0.1,0.1,0,0.1,0.3,0.5
27,35,19,16,0.543,3.5,0.4,1.5,0.288,0.2,0.9,0.194,0.2,0.2,1,0.1,0.7,0.8,0.5,0.1,0.1,0,0.2,0.2,0.3,1.2,1.4,3
22,21,2,19,0.095,1.9,0,0.5,0.1,0,0.3,0.143,0.2,0.3,0.667,0,0.2,0.2,0,0,0,0,0,0.2,0.2,0.3,-1.3,0.7
21,25,12,13,0.48,2.6,0.3,0.6,0.438,0,0,1,0.3,0.4,0.727,0.1,0.7,0.8,0.2,0.1,0.1,0,0.1,0.4,0.5,0.9,-0.5,2.4
25,29,15,14,0.517,2.7,0.1,0.6,0.235,0.1,0.4,0.167,0.6,0.8,0.783,0,0.7,0.7,0.1,0.2,0,0,0,0.3,0.5,1,-0.2,1.8
25,33,14,19,0.424,4.7,0.9,2.2,0.408,0,0,0,0.6,0.8,0.8,0.5,0.8,1.3,0.4,0.2,0,0.2,0.2,0.8,0.7,2.4,0,5.1
20,4,3,1,0.75,1,0,0,0,0,0,0,0,0,0,0,0.3,0.3,0,0,0,0,0,0,0,0,0,0.3
23,6,3,3,0.5,1.5,0,0.3,0,0,0.2,0,0,0,0,0,0.3,0.3,0,0.2,0,0,0,0.5,0,0,0.2,0.2
27,22,9,13,0.409,2.2,0,0.4,0.125,0,0.1,0,0.2,0.2,1,0,0.2,0.2,0.1,0,0,0,0,0.4,0.1,0.3,0.1,0.8
28,13,7,6,0.538,3.1,0.4,0.7,0.556,0.2,0.4,0.6,0.1,0.2,0.5,0,0.3,0.3,0.1,0.2,0.3,0.1,0,0.5,0.2,1.1,-0.8,2.5
29,3,3,0,1,0.9,0,0.3,0,0,0,0,0.7,0.7,1,0.3,0,0.3,0,0,0,0,0,0,0.3,0.7,0,1.1
28,23,9,14,0.391,2.4,0.1,0.3,0.25,0,0.3,0.143,0.1,0.2,0.75,0,0.3,0.3,0.1,0,0.1,0,0,0.3,0.1,0.3,-1.1,1.1
23,24,11,13,0.458,3.5,0.2,0.5,0.308,0,0.2,0,0,0,1,0.1,0.5,0.6,0,0.1,0,0.1,0,0.2,0.1,0.4,-0.4,1.4
23,12,7,5,0.583,1.9,0.1,0.3,0.25,0.1,0.2,0.5,0,0,0,0,0.3,0.3,0.1,0,0,0,0,0.1,0.2,0.3,0.3,0.8
31,36,10,26,0.278,2.9,0.3,0.6,0.429,0.1,0.3,0.333,0.2,0.3,0.727,0.3,0.7,1,0.1,0.1,0.2,0.1,0.1,0.3,0.2,0.8,-2.4,2.7
39,4,2,2,0.5,2.2,0,0.3,0,0,0,0,0,0,0,0,0.5,0.5,0.3,0.3,0,0,0.3,0.3,0,0,1.8,0.7
23,2,2,0,1,0.3,0,0,0,0,0,0,0,0,0,0,0,0,0,0,0,0,0,0,0,0,1,0
27,38,21,17,0.553,3.5,0.3,0.6,0.545,0.2,0.4,0.533,0.3,0.4,0.714,0.2,0.3,0.5,0.2,0.1,0.1,0,0,0.4,0.3,1.1,0.7,2.3
27,35,23,12,0.657,2.9,0.2,0.5,0.444,0.2,0.4,0.429,0,0,1,0,0.4,0.4,0.1,0,0.1,0,0,0.3,0,0.7,1.3,1.6
27,16,12,4,0.75,1.5,0.4,0.8,0.462,0.2,0.5,0.375,0.2,0.2,1,0.3,0.1,0.4,0.2,0.1,0.1,0,0,0,0.3,1.1,2.6,2.2
35,42,24,18,0.571,4.3,0.5,1.4,0.339,0,0.1,0.25,0.8,1,0.773,0.3,1.1,1.4,0.3,0.3,0,0.5,0.1,0.5,0.6,1.8,-0.1,5
26,50,27,23,0.54,4.2,0.9,2.4,0.373,0.3,0.8,0.333,1,1.2,0.8,0.1,0.6,0.7,0.3,0.3,0.3,0.1,0.2,0.4,0.9,3,0,5
31,41,23,18,0.561,3.8,0.6,1.7,0.366,0,0.2,0.2,0.6,0.8,0.774,0.4,0.9,1.3,0.5,0.1,0.2,0.2,0.2,0.5,0.5,1.9,0.8,5.3
38,21,14,7,0.667,2.4,0.1,0.6,0.231,0.1,0.5,0.182,0,0,0,0,0.2,0.3,0.1,0.2,0,0,0,0.1,0.1,0.4,1.3,1
25,5,0,5,0,1,0,0.6,0,0,0.2,0,0,0,0,0,0.2,0.2,0.2,0,0,0,0,0,0.2,0,-0.4,0.5
25,10,5,5,0.5,2.2,0.1,0.1,1,0,0,0,0.5,0.6,0.833,0.1,0.5,0.6,0,0,0,0.3,0,0.1,0.3,0.7,0.3,2.3
30,38,15,23,0.395,3.1,0.4,0.7,0.538,0,0.1,0,0.1,0.2,0.556,0.3,0.5,0.7,0.7,0.3,0.2,0.1,0,0.7,0.2,0.9,-1.3,3.4
24,1,1,0,1,0.4,0,0,0,0,0,0,0,0,0,0,0,0,0,0,0,0,0,0,0,0,2,0
30,19,9,10,0.474,2.5,0.2,0.7,0.214,0.1,0.3,0.2,0.1,0.2,0.667,0.1,0.2,0.3,0.1,0,0,0,0,0.1,0.1,0.5,0.4,0.9
32,24,11,13,0.458,2.4,0,0.3,0.125,0,0.2,0.2,0.3,0.3,0.857,0,0.3,0.3,0.1,0,0,0.1,0,0.3,0.2,0.4,0,1.1
19,6,2,4,0.333,1.6,0.2,0.2,1,0,0,0,0,0,0,0,0,0,0,0,0,0.2,0,0.8,0,0.3,-2.3,0.8
37,2,2,0,1,4.3,0.5,0.5,1,0.5,0.5,1,0,0,0,0,1,1,0,0,0,0.5,0,0,0,1.5,7,4.2
24,15,5,10,0.333,2.4,0.2,0.5,0.375,0.1,0.3,0.5,0.4,0.7,0.6,0,0.1,0.1,0.2,0,0.1,0.1,0,0.3,0.3,0.9,0.3,1.8
25,1,0,1,0,0.9,0,1,0,0,0,0,0,0,0,0,1,1,0,1,0,0,1,0,0,0,-2,0.2
32,40,22,18,0.55,3.4,0.4,1,0.421,0.1,0.3,0.25,0.7,0.9,0.824,0,0.4,0.5,0.2,0.1,0.1,0,0.1,0.3,0.5,1.6,1.1,2.8
25,2,2,0,1,6.1,0,0.5,0,0,0.5,0,0,0,0,0,1,1,0.5,0,0.5,0,0,0.5,0,0,2.5,3.5
26,37,24,13,0.649,4.3,1.4,3.4,0.424,0.3,0.7,0.462,1.6,1.8,0.896,0.1,0.5,0.6,0.6,0.4,0,0,0.4,0.4,1.3,4.8,1.9,6.2
36,10,6,4,0.6,3.1,0.1,0.3,0.333,0,0.2,0,0,0,0,0.1,0.2,0.3,0.1,0.1,0,0,0,0.2,0.2,0.2,0.1,0.6
22,4,1,3,0.25,0.6,0,0,0,0,0,0,0,0,0,0,0,0,0,0,0,0,0,0,0,0,-3,0
25,44,19,25,0.432,4.2,0.2,0.8,0.303,0.1,0.3,0.286,0.8,1,0.833,0.1,0.8,0.9,0.8,0.3,0.2,0,0,0.6,0.6,1.3,-0.5,3.9
25,26,2,24,0.077,3.8,0.2,1.2,0.161,0.1,0.7,0.118,0.3,0.5,0.643,0.1,0.8,0.8,0.1,0.4,0.1,0,0.2,1,0.3,0.8,-3.3,1.8
27,1,0,1,0,2.3,1,1,1,0,0,0,0,0,0,0,0,0,0,0,0,0,0,2,0,2,-1,2
28,27,12,15,0.444,3.3,0.5,0.7,0.722,0,0,0,0.5,0.5,0.929,0.4,0.6,1,0.1,0.1,0,0.3,0,0.3,0.3,1.4,0.3,3.3
23,38,14,24,0.368,4.6,0.9,2.2,0.4,0.2,0.9,0.242,0.4,0.5,0.778,0.1,0.4,0.5,0.3,0.2,0.1,0,0.2,0.6,0.3,2.4,-2.2,3.6
30,12,6,6,0.5,3,0.5,0.8,0.667,0.1,0.3,0.333,0.3,0.4,0.8,0.2,0.3,0.5,0.2,0.1,0.1,0,0,0,0.3,1.4,-0.8,2.4
21,9,3,6,0.333,1.3,0,0.1,0,0,0.1,0,0,0.2,0,0,0.1,0.1,0,0,0,0,0,0.2,0.1,0,-2.9,0.1
33,15,3,12,0.2,1.2,0.1,0.2,0.333,0,0.1,0,0.1,0.1,1,0,0,0,0,0.1,0.1,0,0,0.4,0.1,0.2,-0.7,0.3
29,12,4,8,0.333,3,0.1,0.3,0.333,0,0,0,0.5,0.6,0.857,0.4,0.4,0.8,0,0.1,0,0.3,0,0.3,0.4,0.7,-1.8,2.3
29,37,16,21,0.432,3.6,0.6,1.6,0.39,0.1,0.4,0.333,0.4,0.7,0.577,0.1,0.6,0.7,0.1,0.1,0.2,0,0,0.3,0.5,1.8,-0.7,3.1
24,25,7,18,0.28,4.3,0.2,0.6,0.429,0,0,0,0.5,0.9,0.522,0.4,0.6,1,0.2,0.1,0,0.3,0,0.5,0.6,1,-1.9,3.1
27,42,22,20,0.524,3.8,1,2.6,0.389,0.1,0.7,0.2,1,1.1,0.913,0.2,0.7,0.9,0.8,0.5,0.2,0.1,0.2,0.6,0.8,3.1,-0.5,5.8
28,36,13,23,0.361,3.5,0.2,0.7,0.28,0.1,0.4,0.286,0.3,0.3,0.917,0.2,0.4,0.6,0.1,0.1,0.1,0.1,0.1,0.3,0.3,0.8,0.3,2.2
31,4,3,1,0.75,1.3,0,0,0,0,0,0,0,0,0,0,0,0,0,0,0,0,0,0.3,0,0,-0.3,0
25,4,1,3,0.25,2,0,0,0,0,0,0,0,0.5,0,0,0.8,0.8,0,0.3,0,0.3,0,0,0.5,0,2,1.4
30,3,2,1,0.667,3.5,0.3,0.3,1,0,0,0,0,0.7,0,0,1.3,1.3,0,0,0,1,0,0,0.3,0.7,4,5.3
31,1,0,1,0,1.5,0,0,0,0,0,0,0,0,0,0,0,0,0,0,0,0,0,0,0,0,1,0
32,15,4,11,0.267,2.2,0,0.5,0,0,0.5,0,0.3,0.3,1,0,0.3,0.3,0.1,0.1,0.1,0,0.1,0.5,0.1,0.3,-1.2,1
26,7,1,6,0.143,1.6,0.1,0.4,0.333,0,0.1,0,0,0,0,0,0.3,0.3,0.1,0,0,0,0.1,0.1,0,0.3,-5.1,0.8
26,39,20,19,0.513,3.3,0.4,0.7,0.519,0,0.1,0.25,0.2,0.2,0.875,0.3,0.5,0.8,0.1,0.1,0,0.2,0.1,0.5,0.1,0.9,-0.6,2.7
22,1,1,0,1,3.8,0,0,0,0,0,0,0,0,0,0,2,2,1,1,0,0,0,1,0,0,3,2.9
25,7,3,4,0.429,3.8,0.4,0.7,0.6,0.1,0.3,0.5,0.1,0.1,1,0,0.1,0.1,0.3,0,0.1,0,0,0.3,0,1.1,0.7,2.2
23,23,6,17,0.261,1.9,0,0.6,0.077,0,0.4,0,0.2,0.2,0.8,0.1,0.3,0.3,0.1,0.1,0,0,0,0.2,0.2,0.3,-0.7,0.7
24,6,2,4,0.333,3.1,0.8,1.3,0.625,0.3,0.7,0.5,0,0,0,0,0.2,0.2,0.2,0.2,0,0,0,0.7,0.2,2,-0.2,2.3
23,27,11,16,0.407,2.4,0.3,0.6,0.412,0,0.1,0.5,0.2,0.3,0.75,0.1,0.4,0.5,0.3,0.3,0,0,0,0.2,0.2,0.8,0.2,1.6
30,24,21,3,0.875,2.9,0.3,0.4,0.6,0,0,0,0.3,0.3,1,0.1,0.2,0.3,0.2,0,0.1,0.1,0,0.4,0.3,0.8,2.2,1.9
25,1,1,0,1,0.4,0,0,0,0,0,0,0,0,0,0,0,0,0,0,0,0,0,0,0,0,2,0
26,12,3,9,0.25,3.5,0.4,1.2,0.357,0.2,0.5,0.333,0.1,0.2,0.5,0.1,0.1,0.2,0.1,0.1,0,0,0.2,0.9,0.1,1.1,-1.8,1.3
25,22,10,12,0.455,2,0.1,0.4,0.375,0,0.2,0.25,0.2,0.3,0.833,0.1,0.3,0.5,0.2,0,0.1,0,0,0.4,0.1,0.5,-1,1.8
29,2,0,2,0,1,0,0,0,0,0,0,0,0,0,0,0,0,0,0,0,0,0,0,0,0,-4,0
23,1,1,0,1,7.1,2,5,0.4,0,1,0,2,4,0.5,1,0,1,1,0,0,0,1,0,3,6,-1,8.7
28,13,7,6,0.538,1.5,0.2,0.5,0.429,0.1,0.2,0.333,0,0,0,0.2,0.2,0.4,0.3,0.1,0.1,0,0,0.2,0,0.5,1.2,1.6
20,23,14,9,0.609,1.4,0.2,0.3,0.5,0.1,0.1,1,0.2,0.2,0.8,0,0.1,0.1,0,0,0,0,0,0.2,0.1,0.6,-0.1,0.9
28,31,27,4,0.871,3.9,1.2,2.8,0.442,0.5,1.4,0.381,1.5,1.6,0.918,0.2,0.6,0.8,0.5,0.5,0.2,0,0.1,0.2,1.1,4.4,3.3,6.2
36,7,2,5,0.286,0.6,0,0,0,0,0,0,0,0,0,0,0.1,0.1,0.3,0,0,0,0,0.1,0,0,-1.6,0.6
33,1,0,1,0,0,0,0,0,0,0,0,0,0,0,0,0,0,0,0,0,0,0,0,0,0,-1,0
22,33,19,14,0.576,3.4,0.3,0.5,0.5,0,0,0,0.2,0.4,0.5,0.6,0.6,1.2,0,0.1,0.2,0.2,0,0.5,0.3,0.7,0.5,3
24,21,1,20,0.048,1.5,0.1,0.3,0.333,0,0,0,0,0.1,0.5,0,0.2,0.2,0.3,0.1,0.1,0,0,0.3,0,0.2,-3.4,1.2
22,12,3,9,0.25,2.2,0.3,0.7,0.375,0,0.1,0,0.2,0.3,0.5,0.2,0.3,0.5,0,0,0.3,0,0.1,0.3,0.2,0.7,0.2,2
31,33,18,15,0.545,3.3,0.1,0.3,0.222,0,0,0,0.3,0.4,0.769,0.3,0.4,0.8,0,0,0.1,0.2,0,0.4,0.4,0.4,-1.4,2.1
24,2,0,2,0,0.4,0,0,0,0,0,0,0,0,0,0,0,0,0,0,0,0,0,0,0,0,-1,0
36,25,11,14,0.44,2.9,0.1,0.4,0.3,0,0,0,0.1,0.2,0.75,0,0.3,0.4,0.1,0,0,0,0,0.2,0.1,0.4,-0.5,1
24,9,8,1,0.889,2.9,0.4,0.9,0.5,0,0,0,0.4,0.4,1,0.3,0.3,0.7,0,0,0.1,0.1,0.1,0.3,0.3,1.3,1.6,2.8
25,21,14,7,0.667,2,0.3,0.5,0.545,0.1,0.3,0.429,0.3,0.3,0.857,0,0.2,0.2,0,0,0,0.1,0,0.1,0.2,1,1.1,1.5
22,2,1,1,0.5,0.7,0,0,0,0,0,0,0,0,0,0,1,1,0,0,0,0,0,0,0,0,2.5,1.2
32,34,17,17,0.5,2.3,0.1,0.4,0.2,0.1,0.2,0.286,0.2,0.2,0.75,0.1,0.4,0.4,0.1,0,0.1,0.1,0.1,0.3,0.1,0.4,-1.5,1.5
28,38,13,25,0.342,3.2,0.6,1.1,0.512,0,0.1,0.5,0.3,0.4,0.765,0.3,0.4,0.7,0.1,0.2,0.1,0.1,0.1,0.3,0.3,1.5,-1.1,2.9
25,9,4,5,0.444,0.7,0.2,0.3,0.667,0,0,0,0,0,0,0.2,0,0.2,0,0,0.1,0,0,0.1,0,0.4,-0.6,1
31,3,2,1,0.667,0.8,0.3,0.3,1,0,0,0,0,0,0,0.3,0,0.3,0,0,0,0,0,0.3,0,0.7,2.7,1.1
26,1,1,0,1,3.7,0,1,0,0,0,0,0,0,0,0,1,1,0,0,0,0,0,1,0,0,0,1.2
40,19,12,7,0.632,3.1,0.3,0.5,0.5,0,0,0,0.2,0.3,0.667,0.3,0.4,0.7,0.5,0.3,0,0.2,0.1,0.3,0.2,0.7,1.7,2.5
25,10,5,5,0.5,2.4,0.3,0.4,0.75,0.1,0.1,1,0,0,0,0.1,0.2,0.3,0.3,0.3,0.2,0.1,0,0.3,0,0.7,-1.3,2.1
24,8,3,5,0.375,0.6,0,0.1,0,0,0,0,0,0,0,0,0.1,0.1,0,0,0,0,0.1,0,0.1,0,-0.8,0.2
29,3,1,2,0.333,4.2,1,1.3,0.75,0,0,0,0.3,0.7,0.5,0,1.3,1.3,0,0,0,0.3,0,0.7,0.3,2.3,-2,4.9
23,40,21,19,0.525,3.8,0.3,0.8,0.333,0,0.2,0.111,0.5,0.6,0.826,0.1,0.5,0.6,0.2,0.2,0,0,0.1,0.5,0.5,1,0.2,2
30,12,5,7,0.417,2.6,0.3,0.9,0.364,0.2,0.8,0.222,0.3,0.4,0.8,0,0.3,0.3,0.2,0.1,0.1,0,0,0.3,0.3,1.2,-1.3,2
34,27,16,11,0.593,3.2,0.1,0.3,0.333,0,0,0,0.2,0.2,0.833,0.1,0.3,0.4,0,0.1,0.2,0,0,0.4,0.1,0.4,0.6,1.6
34,24,17,7,0.708,3.3,0.9,1.6,0.538,0.1,0.2,0.4,0.3,0.6,0.533,0,0.1,0.2,0.4,0.1,0.1,0,0.2,0.3,0.5,2.2,1.5,3.1
24,16,7,9,0.438,4.7,0.1,0.8,0.154,0.1,0.7,0.182,0.1,0.1,1,0.1,0.4,0.4,0.1,0.1,0,0,0.1,0.3,0.1,0.4,-3.8,0.9
31,47,27,20,0.574,4,0.4,1.1,0.38,0.2,0.8,0.306,0.2,0.3,0.75,0,0.4,0.5,0.2,0.1,0.2,0,0,0.3,0.1,1.2,0.9,2.6
28,27,8,19,0.296,3.3,0.3,0.6,0.467,0,0.1,0.333,0.4,0.6,0.688,0.3,0.6,0.9,0.2,0.1,0,0.2,0,0.5,0.3,1,-3,2.9
23,19,7,12,0.368,3.7,0.5,1.5,0.321,0.3,0.8,0.4,0.2,0.4,0.429,0,0.2,0.2,0.2,0.2,0.1,0,0.1,0.2,0.3,1.4,-0.9,2.1
20,14,5,9,0.357,1.7,0.1,0.4,0.167,0.1,0.4,0.2,0.1,0.1,1,0.1,0.3,0.4,0.2,0.1,0,0,0,0.2,0.1,0.4,-2,1
25,31,18,13,0.581,3.2,0.3,0.4,0.833,0,0,0,0.2,0.3,0.5,0.2,0.7,0.9,0,0.1,0,0.1,0,0.3,0.2,0.8,-0.9,2
24,4,2,2,0.5,5.6,1.5,2,0.75,1.3,1.5,0.833,0,0,0,0,0,0,0.3,0,0,0.3,0,0.3,0,4.3,2.5,5.4
28,10,5,5,0.5,4.1,0.2,1,0.2,0,0.3,0,0.4,0.4,1,0.2,0.3,0.5,0.3,0.2,0.1,0,0.2,0.5,0.3,0.8,0.3,2
21,7,5,2,0.714,3.4,0.1,0.7,0.2,0,0.1,0,0.4,0.6,0.75,0.1,0,0.1,0.1,0.1,0,0,0,0.4,0.3,0.7,0.1,1
30,2,1,1,0.5,1.2,0,0,0,0,0,0,0,0,0,0.5,0,0.5,0,0,0,0,0,0.5,0,0,0.5,0.6
24,11,7,4,0.636,3.1,0.5,1.1,0.417,0,0.4,0,0.1,0.2,0.5,0.3,0.4,0.6,0.2,0,0.1,0,0,0.2,0.2,1,1.3,2.3
26,2,2,0,1,0.7,0.5,0.5,1,0,0,0,0,0,0,0.5,0,0.5,0,0,0,0,0,0.5,0,1,-2,1.6
26,15,6,9,0.4,4.6,0.6,1.5,0.409,0.2,0.6,0.333,1.1,1.5,0.739,0.1,0.7,0.8,0.9,0.4,0.2,0.1,0.1,0.6,1,2.5,0,5.2
33,22,8,14,0.364,2.3,0.3,0.5,0.545,0,0,0,0.1,0.2,0.75,0.5,0.4,1,0.2,0.2,0,0,0,0.5,0.1,0.7,-2,2.2
20,1,0,1,0,0,0,0,0,0,0,0,0,0,0,0,0,0,0,0,0,0,0,0,0,0,0,0
36,2,1,1,0.5,1.8,0.5,1,0.5,0,0,0,0,0.5,0,0,0,0,0,0,0,0,0,0,0.5,1,0.5,1
24,37,16,21,0.432,3.9,0.6,1.8,0.338,0.2,0.7,0.269,0.4,0.5,0.941,0.1,0.7,0.8,0.2,0.3,0.1,0.1,0.2,0.3,0.4,1.8,-0.6,3.3
39,15,7,8,0.467,1.6,0.3,0.5,0.5,0.1,0.4,0.333,0.3,0.3,1,0.1,0.1,0.3,0.1,0,0,0.1,0,0.4,0.3,1,0.2,1.6
28,25,10,15,0.4,2,0,0.3,0.143,0,0.1,0,0.2,0.2,0.667,0,0,0,0,0,0.1,0,0,0.2,0.1,0.2,-0.2,0.7
28,25,15,10,0.6,2,0.1,0.5,0.25,0,0.4,0.111,0,0.2,0.25,0,0.3,0.3,0.1,0.1,0.1,0.2,0,0.3,0.1,0.3,1.8,1.6
29,46,24,22,0.522,4.1,0.5,1.2,0.421,0.3,0.8,0.378,0.2,0.2,0.889,0,0.3,0.4,0.3,0.1,0.2,0,0.1,0.4,0.2,1.5,1.4,2.8
25,42,21,21,0.5,3.3,0.5,1.5,0.361,0.1,0.6,0.2,0.7,0.8,0.906,0,0.7,0.7,0.1,0.1,0,0,0,0.3,0.4,1.9,0.3,3.1
22,15,9,6,0.6,1.9,0.1,0.2,0.667,0,0,0,0.1,0.1,1,0.1,0.3,0.4,0.1,0.1,0,0.1,0,0.5,0.1,0.4,-0.7,1.3
26,1,0,1,0,0,0,0,0,0,0,0,0,0,0,0,0,0,0,0,0,0,0,0,0,0,-1,0
24,4,1,3,0.25,1.6,0,0.5,0,0,0,0,0,0,0,0,0,0,0,0,0.3,0,0,0.3,0,0,-2.5,0.8
21,41,16,25,0.39,3.4,0.5,1.6,0.328,0.2,0.7,0.233,0.4,0.4,0.882,0,0.1,0.1,0.1,0.2,0,0,0.1,0.5,0.2,1.6,-0.8,2
34,33,20,13,0.606,3.6,0.8,1.5,0.49,0,0.1,0.5,0.5,0.8,0.68,0.6,0.7,1.3,0.2,0.2,0.1,0.1,0.2,0.3,0.5,2.1,1.6,4.2
32,36,21,15,0.583,4.2,0.2,0.4,0.438,0,0,0,0.3,0.5,0.667,0.3,0.6,0.9,0.1,0.2,0.1,0.1,0.1,0.4,0.5,0.7,1.3,2.1